{"fatta":true,"a_sx":{"x":0.6481550335884094,"y":0.9894988536834717,"z":0.06151936575770378,"visibility":0.9793084263801575},"a_dx":{"x":0.2824113368988037,"y":0.8457164764404297,"z":0.17357799410820007,"visibility":0.9878498315811157},"b_sx":{"x":0.9609057307243347,"y":0.6627722978591919,"z":0.1423816829919815,"visibility":0.9647086262702942},"b_dx":{"x":0.48154503107070923,"y":0.5545824766159058,"z":0.2644268870353699,"visibility":0.9571688175201416}}